procedencia,nombre
"#santander, España",1
"-, España",2
".madrid, España",1
"08904, España",1
"11300, España",1
"2, España",1
"24, Argentina",2
"28, España",1
"30800, España",2
"35, España",1
"5505, Argentina",1
"633274869, España",1
"?, Argentina",1
"A Coruña, España",62
"A Coruñs, España",1
"A Guarda, España",2
"A. Coruña, España",1
"Aachen, Alemania",1
"Aarhus, Dinamarca",2
"Abadiño, España",1
"Acassuso, Argentina",1
"Acevedo, Argentina",1
"Adolfo Gonzales Chaves, Argentina",1
"Adolfo Gonzales Checa, Pcia De B, Argentina",1
"Adrogue, Argentina",1
"Aguascalientes, México",7
"Aiguafreda, España",2
"Alacant, España",1
"Alaior. Menorca, España",1
"Alajuela, Costa Rica",4
"Alalpardo, España",1
"Alava, España",2
"Albacete Y Valencia, España",1
"Albacete, España",33
"Albaida, España",1
"Alberti, Argentina",1
"Albi, Francia",1
"Alcala De Henares, España",4
"Alcala, España",1
"AlcalÁ De Henares, España",1
"Alcalá De Henares, España",11
"Alcalá De Henares., España",1
"Alcalá La Real, España",2
"Alcañiz, España",1
"Alcoi, España",1
"Alcoi/alcoy, España",1
"Alcorcó, España",1
"Alcorcón, España",2
"Alcover, España",2
"Alcoy - Alicante, España",1
"Alcoy, España",10
"Alcázar De San Juan, España",2
"Alcázar, España",2
"Alella, España",3
Alemania,4
"Alfaro, España",2
"Algeciras, España",9
"Algemesí, España",1
"Algorta, España",1
"Alhaja De Murcia, España",1
"Alicante Ante, España",1
"Alicante, España",119
"Almada, Portugal",1
"Almansa, España",6
"Almendralejo, España",2
"Almeria, España",16
"Almería, España",35
"Almuñecar, España",3
"Alneria, España",1
"Alovera, España",1
"Alovera, Guadalajara, España",1
"Alta Gracia ,córdoba, Argentina",1
"Altea, España",1
"Alzira, España",1
"Ambato, Ecuador",2
"Amorebieta, España",2
"Amorín, España",1
"Amposta, España",2
"Amposts, España",1
"Amsterdam, Países Bajos",1
"Amurrio, España",2
"Andalucia, España",1
Andorra,2
"Andorra La Vella, Andorra",1
"Andorra, Andorra",2
"Annecy, Francia",1
"Antalya, Turquía",1
"Antequera, España",4
"Antewuera, España",1
"Antofagasta, Chile",4
"Apostoles, Argentina",1
"Aranda De Duero, España",2
"Aranjuez, España",3
"Aranzueque, España",1
"Arecibo, Puerto Rico",1
"Arenys De .ar, España",1
"Arequipa, Perú",10
"Aretxabaleta, España",2
"Arevalo (Ávila), España",1
"Arevalo, España",1
Argentina,28
"Argentina, Argentina",7
"Argentina, España",3
"Argentona Barcelona, España",1
"Arico. Tenerife, España",2
"Armenia, Colombia",2
"Armstrong, Argentina",1
"Arnedo, España",1
"Arrankudiaga, España",3
"Arrasate, España",3
"Arrecifes, Argentina",3
"Arteaga, Argentina",1
"Artenara, España",1
"Artigas, Uruguay",1
"Artés, España",2
"Asteasu, España",1
"Astorga, España",1
"Asturias, España",19
"Asuncion, Paraguay",3
"Asunción, Paraguay",7
"Atenas, Grecia",1
"Atlanta, Estados Unidos",1
Austria,1
"Aveiro, Portugal",9
"Avellaneda Santa Fe, Argentina",1
"Avellaneda, Argentina",6
"Avila, España",2
"Aviles, España",4
"Avilés, España",9
"Ayacucho, Argentina",1
"Azul, Argentina",3
"Azúl, Argentina",1
"B, Argentina",2
"Ba, Argentina",1
"Badajoz, España",42
"Badalona, España",19
"Baecelona, España",2
"Baeza (jaén), España",1
"Bahia Blanca, Argentina",14
"Bahía Blanca, Argentina",9
"Bailén (jaén), España",1
"Baiona, España",3
"Balcarce, Argentina",5
"Balcarce, Prov Bs As, Argentina",1
"Baleares, España",1
"Balerares, España",1
"Balmaseda, España",1
"Balneário Camboriú, Brasil",1
"Banfield, Argentina",6
"Banyoles (girona), España",1
"Banyuls, Francia",1
"Bar, España",2
"Barakaldo, España",10
"Barañáin, España",1
"Barbastro -huesca-, España",1
"Barbera Del Valles, España",1
"Barberà Del Vallès, España",2
"Barberá Del Vallés, España",2
"Barce, España",2
"Barcelona (barrio De Sants, España",1
"Barcelona, Alemania",1
"Barcelona, Argentina",3
"Barcelona, Chile",4
"Barcelona, Colombia",6
"Barcelona, Costa Rica",1
"Barcelona, España",976
"Barcelona, Francia",1
"Barcelona, Panamá",1
"Barcelona, Uruguay",1
"Barcelona. Mataro, España",3
"Barcelona/valencia, España",2
"Barcelonamm, España",2
"Barcelons, España",1
"Barcelonés, España",1
"Barceloona, España",1
"Barcelos, Portugal",1
"Barceló, España",1
"Barcleona, España",1
"Barcrlona, España",2
"Barcwlona, España",1
"Barelona, España",1
"Bariloche, Argentina",2
"Barquisimeto, Venezuela",1
"Barranquilla, Colombia",17
"Barxeta, España",3
"Basauri, España",2
"Basel, Suiza",2
"Basilea, Suiza",1
"Batcelona, España",1
"Baza, España",1
"Bcn, España",10
"Beasain, España",3
"Beer Sheba, Israel",2
"Beer Sheva, Israel",1
"Belgrano, Argentina",1
"Bella Vista, Argentina",1
"Bella Vista, Buenos Aires, Argentina",1
"Belo Horizonte, Brasil",3
"Belén, Costa Rica",1
"Benavent De Segria Lleida, España",1
"Benavente, España",3
"Benavidex, Argentina",1
"Benavidez, Argentina",2
"Benavídez, Argentina",1
"Benidorm, España",10
"Beniganim, España",1
"Benissa, España",2
"Berazategui, Argentina",4
"Bercelona, España",1
"Bergamo, Italia",2
"Bergara, España",1
"Berisso, Argentina",2
"Berlin, Alemania",5
"Berna, Suiza",1
"Bielefeld, Alemania",2
"Bienos Aires, Argentina",1
"Bilbaio, España",1
"Bilbal, España",1
"Bilbao, España",222
"Bilbo, España",8
"Bilbso, España",1
"Binefar, España",1
"Birmingham, Reino Unido",1
"Bizkaia, España",2
"Blanes (girona), España",1
"Blanes, España",8
"Boadilla Del Monte, España",2
"Boca Del Río, Veracruz, México",1
"Bogota D.c., Colombia",1
"Bogota, Colombia",97
"Bogota., Colombia",1
"BogotÁ, Colombia",1
"Bogotà, Colombia",1
"Bogotá, Colombia",120
"Bogoya, Colombia",1
"Bologna, Italia",4
"Bolívar, Argentina",1
"Bonn, Alemania",1
"Boogota, Colombia",2
"Bordeaux, Francia",1
"Borgonyà, España",2
"Borja, España",1
"Borriol, España",1
"Bourges, Francia",1
"Braga, Portugal",6
"Bragança, Portugal",1
"Brandsen, Argentina",2
Brasil,1
"Brasília, Brasil",3
"Braunschweig, Alemania",1
"Bremen, Alemania",3
"Brest, Francia",1
"Bristol, Reino Unido",1
"Bruselas, Bélgica",2
"Bruxelas, Bélgica",1
"Bs As, Argentina",39
"Bs.as, Argentina",1
"Bsas, Argentina",6
"Bsrcelona, España",2
"Bucaramanfa, Colombia",2
"Bucaramanga, Colombia",10
"Bucarest, Rumanía",1
"Buenavista Del Norte, España",2
"Buenis Aires, Argentina",1
"Bueno A Aires, Argentina",1
"Bueno Aires, Argentina",4
"Bueno S Aires, Argentina",1
"Buenoa Ires, Argentina",2
"Buenos Aiires, Argentina",1
"Buenos Aire3s, Argentina",1
"Buenos Aired, Argentina",3
"Buenos Airee, Argentina",1
"Buenos Aires - Caba, Argentina",1
"Buenos Aires Caba, Argentina",1
"Buenos Aires Capital Feseral, Argentina",1
"Buenos Aires Ciudad, Argentina",1
"Buenos Aires Y Malaga España, Argentina",1
"Buenos Aires, Argelia",2
"Buenos Aires, Argentina",843
"Buenos Aires, Argentina, Argentina",1
"Buenos Aires, Capital Federal, Argentina",1
"Buenos Aires, España",2
"Buenos Aires, Lomas De Zamora, Argentina",1
"Buenos Aires, Países Bajos",1
"Buenos Aires., Argentina",4
"Buenos Aires6, Argentina",2
"Buenos Airws, Argentina",1
"Buenos Aitrd, Argentina",2
"Buenos Ares, Argentina",1
"Buenos Aures, Argentina",1
"Buenos Aíres, Argentina",1
"Buens Aires, Argentina",2
"Burdeos, Francia",3
"Burgos, España",51
"Burriana, España",1
"Byenos Aires, Argentina",1
"C, Argentina",1
"C.a.b.a, Argentina",1
"C.a.ba., Argentina",1
"Caba, Argentina",89
"Cabrera De Mar, España",1
"Cabrils, España",1
"Cabs, Argentina",1
"Caceres, España",11
"Cadiz, España",35
"Caguas, Puerto Rico",4
"Cajamarca, Perú",1
"Calafell, España",1
"Calama, Chile",2
"Calatayud, España",2
"Caldas, Colombia",1
"Calella, España",1
"Caleta De Fuste, España",2
"Cali Medellin, Colombia",1
"Cali, Colombia",44
"California, Estados Unidos",4
"Callo, Perú",1
"Calpe, España",1
"Camargo, España",1
"Cambrils, España",3
"Campana, Argentina",2
"Campana, Bsas, Argentina",1
"Campo De Criptana, España",1
"Campo Grande, Brasil",1
"Camuy, Puerto Rico",1
"Camuñas, Toledo, España",1
"Canarias, España",10
"Cancun, México",9
"Canelones, Uruguay",2
"Cangas Del Morrazo, España",1
"Cangas, España",1
"Canillo, Andorra",1
"Cannes, Francia",1
"Canovelles, España",4
"Cantabira, España",1
"Cantabria, España",11
"Canyelles, España",3
"Capital Fedeal, Argentina",1
"Capital Federal, Argentina",35
"Capital Federal. Bs As, Argentina",1
"Capital, Argentina",8
"Caracas, Panamá",1
"Caracas, Venezuela",26
"Caravaca, España",1
"Carlos Casares, Argentina",1
"Carlos Paz, Argentina",2
"Carolina, Pr, Islas ultramarinas de Estados Unidos",1
"Cartagena, Colombia",9
"Cartagena, España",5
"Cartago, Costa Rica",3
"Casanova, Argentina",1
"Casas-ibáñez, España",1
"Casilda, Argentina",4
"Castañeda, España",1
"Castelar, Argentina",2
"Casteldefels, España",2
"Castell De Castells, España",2
"Castellar Del Valles, España",1
"Castellar Del Vallés, España",1
"Castellbisbal, España",3
"Castelldefels, España",3
"Castelldefes, España",1
"Castellon De La Plana, España",1
"Castellon, España",5
"Castellsera, España",2
"Castelló De Rugat, España",1
"Castelló, España",4
"Castellón De La Plana, España",1
"Castellón, España",18
"Castilla La Mancha, España",3
"Castro Urdiales, España",2
"Castro Urdiales., España",1
"Casyelldefels, España",1
"Catamarca, Argentina",3
"Caudete, Albacete, España",2
"Cañada, Argentina",1
"Cd De México, México",1
"Cd Mx, México",1
"Cd. De México, México",1
"Cd.mx, México",1
"Cdmx, España",1
"Cdmx, México",56
"Centenario, Neuquén, Argentina",1
"Cerdanyola Del Vallès, Barcelona, España",1
"Cerdanyola, España",1
"Ceuta, España",4
"Ceutí, Reg. De Murcia, España",1
"Chacabuco, Argentina",1
"Chaco, Argentina",1
"Chapecó, Brasil",1
"Chascomus, Argentina",1
"Chasçomus, Argentina",1
"Chemnitz, Alemania",2
"Cheste, España",1
"Chiclana De La Frontera, España",1
"Chiclana De La Fronters, España",1
"Chiclana, España",1
"Chiclayo, Perú",2
"Chihuahua, México",11
Chile,10
"Chile, Chile",1
"Chillan, Chile",1
"Chillán, Chile",2
"Chiloeches, España",1
"Chivilcoy, Argentina",4
"Cipolletti, Argentina",6
"City Bell, Argentina",1
"Ciudad Autonoma De Buenos Aires, Argentina",7
"Ciudad Autónoma De Buenos Aires, Argentina",11
"Ciudad De Buenos Aires, Argentina",5
"Ciudad De Buenos, Argentina",1
"Ciudad De Mexico, México",24
"Ciudad De Mezico, México",1
"Ciudad De México, México",58
"Ciudad De Méxicociudad, México",2
"Ciudad De Panamá, Panamá",2
"Ciudad Del Plata, Uruguay",1
"Ciudad Evita, Argentina",1
"Ciudad Guzmán, México",1
"Ciudad Real, España",40
"Ciudad, México",1
"Cizur Menor, España",1
"Clermont-ferrand, Francia",1
"Co.modoro Rivadavia, Argentina",1
"Cochabamba, Bolivia",1
"Coimbra, Portugal",1
"Col, Uruguay",1
"Colindres, España",2
"Collado Villalba, España",1
"Collbató, España",1
"Colombes, Francia",1
Colombia,18
"Colombia, Colombia",2
"Colombia, España",1
"Colon, Argentina",2
"Colonia Del Sacramento, Uruguay",1
"Colonia, Alemania",2
"Colonia, Uruguay",1
"Colunga, España",1
"Colón, Argentina",1
"Comarruga, España",1
"Comodoro Rivadavia, Argentina",2
"Concepcion, Chile",4
"ConcepciÓn, Argentina",1
"ConcepciÓn, Chile",1
"Concepción Del Uruguay, Argentina",2
"Concepción, Chile",10
"Concon, Chile",1
"Concordia Entre Ríos, Argentina",1
"Concón, Chile",4
"Conil De La Frontera, España",1
"Constanţa, Rumanía",2
"Copenhague, Dinamarca",1
"Copiapo, Chile",2
"Copiapó, Chile",4
"Coquimbo, Chile",3
"Coral Springs, Estados Unidos",1
"Cordoba, Argentina",72
"Cordoba, España",19
"Cordoba, México",1
"Cordoba,argentina, Argentina",1
"Cordova, Argentina",1
"Cork, Irlanda",1
"Cornella De Llobrefat, España",1
"Cornella De Llobregat, España",4
"Cornellà, España",1
"Cornellá, España",1
"Coronel Suarez, Argentina",1
"Corrientes, Argentina",7
"Coruña, España",25
"Costa De Oro, Uruguay",2
Costa Rica,1
"Costa Teguise, España",2
"Cota, Colombia",1
"Coyhaique, Chile",4
"Ct, Estados Unidos",1
"Cuautitlan Izcalli, México",1
"Cuautla, México",1
"Cubas, España",1
"Cubelles, España",1
"Cuenca, Ecuador",5
"Cuenca, España",17
"Cuernavaca, México",3
"Curicó, Suiza",1
"Curitba, Brasil",1
"Curitiba, Brasil",2
"Cusco, Perú",3
"CÓrdoba, Argentina",1
"Cáceres, España",21
"Cádiz, España",34
"Córdoba Argentina, España",1
"Córdoba Capital, Argentina",1
"Córdoba, Argentina",76
"Córdoba, España",46
"Córdoba, México",2
"Cúcuta, Colombia",3
"D, España",2
"Daimiel, España",1
"Dallas, Estados Unidos",2
"Dan Antonio De Areco, Argentina",2
"Danbury, Estados Unidos",1
"Davie, Estados Unidos",1
"De México, México",3
"Deggendorf, Alemania",1
"Delft, Países Bajos",2
"Delicias, Chihuahua, México",2
"Deltebre, España",1
"Denia, España",2
"Denver, Colorado, Estados Unidos",2
"Desamparados, Costa Rica",1
"Deán Funes, Argentina",1
"Df, México",6
"Dijon, Francia",1
Dinamarca,1
"Dionísio Cerqueira, Brasil",1
"Distrito Federal, México",3
"Dolega, Panamá",1
"Dolores, Argentina",3
"Don Benito, España",4
"Don Torcuato, Argentina",2
"Donosostia, España",2
"Donosti, España",2
"Donosti., España",3
"Donostia (euskal Herria), España",2
"Donostia, España",29
"Donostia- San Sebastián, España",1
"Donostia-san, España",1
"Dosquebradas, Colombia",2
"Dp, Brasil",1
"Drenthe, Países Bajos",1
"Dublin, Irlanda",13
"Dublín, Irlanda",1
"Dubái, Emiratos Árabes Unidos",1
"Durango, España",2
"Dénia, España",3
Ecuador,1
"Ecuador, España",1
"Eibar, España",10
"Eivissa, España",2
"El Calafate, Argentina",4
"El Ejido, España",1
"El Jaguei, Argentina",1
"El Maitén Provincia Del Chubut, Argentina",1
"El Masnou, España",4
"El Pinar De El Hierro, Canarias., España",1
"El Prat (barcelona), España",1
"El Prat De Llobregat, España",3
"El Prat, España",2
"El Puerto De Santa Maria, España",2
"El Puerto Santa Maria, España",2
"El Raval, España",1
"El Vendrell, España",1
"Elche, España",11
"Elda, España",1
"Elizaberh, Estados Unidos",1
"Elorrio, España",1
"Elx, España",4
"En Si Se Enfocó Más A Iglesias, México",1
"Encarnación, Paraguay",2
"Ensenada, México",4
"Entre Rios, Argentina",4
"Entre Ríos, Argentina",3
"Envigado, Colombia",4
"Ermesinde, Portugal",1
"Ermua, España",1
"Escalada, Argentina",1
"Escaldes, Andorra",1
"Escobar, Argentina",1
"Esparreguera, España",5
España,2541
"España, España",2
"Espectacular !!!?, Colombia",1
"Espectacular, España",1
"Esperanza, Argentina",1
"Esperábamos Más De Una Ciudad Ta, España",1
"Esplugues De Llobregat, España",2
"Esplugues, España",3
"Esposende, Portugal",1
"Esquel, Argentina",2
"Estado De Delaware, Estados Unid, Puerto Rico",1
"Estado De Mexico, México",1
"Estado De México, México",3
Estados Unidos,1
"Estallo- Aragon, España",1
"Estambul, Turquía",3
"Estella, España",1
"Estepona, España",4
"Estepona, Málaga, España",1
"Estocolmo, Suecia",5
"Estrasburgo, Francia",3
"Etrembières, Francia",1
"Euskadi, España",1
"Excelente, Puntual, Cordial, Muy, Argentina",1
"Faro, Portugal",1
"Fene, España",2
"Ferrol, España",3
"Figueira Da Foz, Portugal",1
"Figueras, España",2
"Figueres, España",2
"Florencio Varela, Argentina",2
"Florianópolis, Brasil",3
"Florida, Argentina",1
"Florida, Estados Unidos",1
"Florida, República Dominicana",2
"Fontellas, España",1
"Formosa, Argentina",1
"Fortaleza, Brasil",2
"Fraga, España",1
"Fraga, Huesca, España",1
Francia,5
"Frankfurt Am Main, Alemania",1
"Freiburg, Alemania",2
"Freising, Alemania",1
"Frutillar, Chile",3
"Fuen, España",1
"Fuengirola, España",1
"Fuenlabrada, España",7
"Fuerteventura, España",3
"Fundacion, Colombia",1
"Funes - Santa Fe, Argentina",1
"Gainesville Florida, Estados Unidos",3
"Galicia, España",8
"Galway, Irlanda",1
"Gandia, España",9
"Gandía, España",1
"Garuhape, Argentina",1
"Gasteiz, España",3
"Gava, España",1
"Gavà, España",4
"Gdl, México",1
"General Acha La Pampa, Argentina",1
"General Roca, Argentina",1
"General San Martín, Argentina",1
"Genova, Italia",1
"Germania, Argentina",1
"Gerona, España",1
"Gerradsbergen, Bélgica",2
"Getafe, España",8
"Getxo, España",2
"Giijon, Eslovaquia",1
"Gijon, España",8
"Gijón, España",30
"Ginebra, Suiza",5
"Gipuzkoa, España",3
"Girona, España",30
"Giróna, España",1
"Goiânia, Brasil",1
"Gondomar, España",1
"Gotemburgo, Suecia",1
"Gothenburg, Suecia",1
"Gothenburg, Sweden, Suecia",1
"Goya, Argentina",3
"Gran Buenos Aires, Haedo, Argentina",1
"Gran Canaria Y Lanzarote, España",1
"Gran Canaria, España",14
"Gran Tarajal, Fuerteventura, Can, España",1
"Granada, España",135
"Granada, Nicaragua",1
"Granja De Torrehermosa (badajoz), España",1
"Granollers, España",4
"Grecia, Costa Rica",1
"Gregorio De Laferrere, Argentina",1
"Gros Islet, Santa Lucía",1
"Gto, México",3
"Guadalajara, España",23
"Guadalajara, Montenegro",1
"Guadalajara, México",34
"Guadalajara., México",1
"Guadalix De La Sierra, España",1
"Gualeguay, Argentina",1
"Gualeguaychú, Argentina",2
"Guanacaste, Costa Rica",1
"Guanajuato, México",3
"Guardamar Del Segura, España",1
"Guasave, México",2
"Guatemala, Guatemala",10
"Guatemalsa, Guatemala",1
"Guayama, Puerto Rico",1
"Guayaquil, Ecuador",10
"Guaymallen, Argentina",2
"Guaynabo, Puerto Rico",3
"Gudalajara, México",1
"Guenes, España",1
"Guimarães, Portugal",1
"Guipuzkoa, España",1
"Guipúzcoa, España",1
"Guriezo, España",1
"Habana, Cuba",3
"Hadera, Israel",1
"Haedo, Argentina",1
"Hallandale Beach, Estados Unidos",1
"Hamburg, Alemania",3
"Hamburgo, Alemania",3
"Hannover, Alemania",1
"Hannut, Bélgica",1
"Haro, España",2
"Hedradas, España",2
"Heidelberg, Alemania",1
"Helsinki, Finlandia",1
"Hendaie, Francia",1
"Heredia, Costa Rica",11
"Hermosillo, México",8
"Hilversum, Países Bajos",1
"Hondarribia, España",1
"Hoorn, Países Bajos",1
"Hormigueros, Puerto Rico",1
"Hospitalet De Llobregat, España",4
"Hospitalet Del Llobregat, España",1
"Hospitalet Llobregat, España",2
"Hospitalet, España",3
"Huanguelen, Argentina",1
"Huehuetenango, Guatemala",2
"Huelva, España",39
"Huercal-overa, España",1
"Huerta Grande, Argentina",1
"Huesca, España",19
"Huezca, España",2
"Huixquilucan, México",1
"Hurlingham, Argentina",5
"Ibagué, Colombia",1
"Ibarra, España",1
"Ibiza, España",18
"Igualada, España",5
"Illes Balears, España",1
"Illescas, España",2
"Inca, España",2
Irlanda,3
"Irun, España",2
"Irun, País Vasco, España",1
"Iruña / Pamplona, España",1
"Iruña, España",2
"Irún, España",5
"Isla Cocos, Islas Cocos",1
"Itaiaia, Brasil",1
"Ituzaingo, Argentina",9
"Ituzaingo. Pcia . De Bs.as., Argentina",1
"Ituzaingó, Argentina",1
"Ivars D' Urgell, España",2
"J L Suárez, Argentina",1
"Jaen, España",14
"Jalisco, México",3
"Jaén, España",32
"Jerez De La Frontera (cádiz), España",1
"Jerez De La Frontera, España",12
"Jerez, España",10
"Jerusalem, Israel",2
"Joaçaba Sc, Brasil",1
"José Marmol, Argentina",1
"João Pessoa, Brasil",1
"Juan María Gutiérrez, Berazategu, Argentina",1
"Juana Díaz, Puerto Rico",1
"Juarez, México",1
"Jujuy, Argentina",2
"Jumilla, España",1
"Junin, Argentina",4
"Junín, Argentina",1
"Juárez, México",1
"Jávea, España",1
"Kfar Sava, Israel",1
"Kiel, Alemania",1
"Kiriat Bialik, Israel",2
"Köln, Alemania",3
"L Plta, Argentina",1
"L' Hospitalet De Llobregat, España",1
"L'ametlla Del Vallès, España",1
"L'hospitalet, España",1
"La Barca De La Florida, España",1
"La Carlota, Argentina",1
"La Coruñ, España",1
"La Coruña, España",13
"La Coruňa, España",1
"La Garriga, España",1
"La Habana, Cuba",1
"La Haya, Países Bajos",2
"La Laguna, España",1
"La Laguna., España",1
"La Linea De La Concepción, España",2
"La Línea Cádiz, España",2
"La Morera (badajoz), España",2
"La Orotava, España",2
"La Palma, Islas Canarias, España",2
"La Pampa, Argentina",1
"La Paz, Bolivia",2
"La Paz, México",1
"La Plara, Argentina",1
"La Plata, Argentina",77
"La Plata, Buenos Aires, Argentina",2
"La Plata, Buenos Aires., Argentina",1
"La Plata. Buenos Aires, Argentina",1
"La Puebla Del Río, España",1
"La Rioja, Argentina",6
"La Rioja, España",3
"La Roca Del Vallés, España",2
"La Rochelle, Francia",1
"La Serena, Chile",5
"La Seu D'urgell, España",3
"La Seu D’urgell, España",2
"La Seu, España",1
"La Vall D'uixó. Castellón, España",1
"La, Perú",1
"Lagos De Moreno, Jalisco, México",1
"Landete, España",2
"Lanus, Argentina",4
"Lanzarote, España",6
"Lanús, Argentina",3
"Lapuebla De Labarca, España",1
"Laredo, España",2
"Larroque, Entre Ríos., Argentina",1
"Las Palmaa, España",2
"Las Palmas De G.c, España",1
"Las Palmas De Gc, España",5
"Las Palmas De Gran Canaria, España",36
"Las Palmas G. C., España",1
"Las Palmas Gc, España",1
"Las Palmas, España",19
"Las Palomas De Gran Canaria, España",1
"Las Piedras, Uruguay",1
"Las Rozas De Madrid, España",2
"Las Rozas, España",1
"Las Vegas, Estados Unidos",2
"Lasarte - Oria, España",1
"Lausanne, Suiza",2
"Lawrence, Estados Unidos",1
"Lebrija, España",3
"Leeds, Reino Unido",1
"Leganes, España",4
"Leganés, España",4
"Leiria, Portugal",1
"Leon Guanajuato, México",1
"Leon, España",26
"Leon, México",5
"Lerida, España",1
"Les Cabanyes, España",1
"Leuven, Bélgica",1
"León, España",29
"León, México",3
"León, Nicaragua",1
"Li, Perú",1
"Lille, Francia",3
"Lima, Perú",102
"Linares, Chile",1
"Linares, España",4
"Lisboa,",2
"Lisboa, Portugal",31
"Lisbon, Portugal",3
"Liverpool, Reino Unido",1
"Llavaneres, España",1
"Lleid, España",1
"Lleida, España",33
"Lleida, Venezuela",1
"Lliria, España",1
"Lliçà D’amunt, España",1
"Lloret De Mar, España",1
"Llucmajor, España",2
"Lobos, Argentina",1
"Lograño, España",1
"LogroÑo, España",1
"Logroño, España",47
"Loja, España",2
"Lomas De Zamora, Argentina",7
"London, Reino Unido",10
"Londres, Reino Unido",15
"Lorca, España",3
"Lorena, Brasil",1
"Los Andes, Chile",2
"Los Angeles, Estados Unidos",3
"Los Cardales, Argentina",1
"Los Cristianos, España",1
"Los Mchis, México",1
"Los Polvorines, Argentina",2
"Los Realejos, España",2
"Luanco, España",1
"Lugo, España",19
"Luis Beltran, Argentina",1
"Luis Beltrán Río Negro, Argentina",1
"Luis Guillon, Argentina",1
"Lujan, Argentina",3
"Luján Provincia De Buenos Aires, Argentina",1
"Luján, Argentina",1
Luxemburgo,1
"Luxemburgo, Luxemburgo",1
"Lyon, Francia",3
"Lérida, España",2
"L’île Saint Denis, Francia",1
"Maceió/al, Brasil",1
"Machado, Brasil",1
"Madeidy, España",1
"Madid, España",6
"Madre, España",1
"Madrid Y Leon, España",1
"Madrid, Eslovenia",1
"Madrid, España",1778
"Madrid/barcelona, España",1
"Madrif, España",2
"Madrud, España",2
"Mahon, España",1
"Maia, Portugal",1
"Malaga, España",74
Malasia,1
"Maldonado, Uruguay",1
"Malgrat De Mar, España",1
"Malgrat, España",1
"Mallorca, España",30
"Malmö, Suecia",2
Malta,2
"Manacor, España",1
"Manaus, Brasil",2
"Mancha Real, España",1
"Manchester, Reino Unido",3
"Manizales, Colombia",4
"Mannheim, Alemania",2
"Manresa, España",5
"Manta, Ecuador",2
"Manzanillo, México",2
"Mao, Valverde, República Dominicana",1
"Mar Del Olata, Argentina",1
"Mar Del Plata, Argentina",71
"Mar Del Plats, Argentina",1
"Mar Del.plata, Argentina",1
"Mar Sel Plata, Argentina",1
"Maracaibo, Venezuela",1
"Marbell, España",1
"Marbella, España",13
"Marcdel Plata, Argentina",1
"Marcos Juárez, Argentina",1
"Marcos Paz, Argentina",1
"Marid, España",2
"Marrid, España",2
"Marseille, Francia",2
"Marsella, Francia",1
"Martin Coronado, Argentina",1
"Martinez, Argentina",5
"Martorell, España",4
"Martínez ,bs As, Argentina",2
"Martínez, Argentina",1
"Maryinez, Argentina",1
"Masdid, España",1
"Maspalomas, España",3
"Masquefa, España",2
"Masrid, España",3
"Matadepera, España",1
"Mataro, España",7
"Mataró, España",14
"Matosinhos, Portugal",1
"Mazagon, España",2
"Mdeo, Uruguay",1
"Mdq, Argentina",1
"Mdrid, España",1
"Meco, España",3
"Med, Colombia",1
"Medellin, Colombia",43
"Medellín, Colombia",44
"Medio, México",2
"Mejorada Del Y, España",1
"Melilla, España",9
"Mendoza, Argentina",76
"Menorca, Eslovaquia",1
"Menorca, España",2
"Mequinenza, España",2
"Mercedes, Argentina",1
"Mercedes, Uruguay",1
"Merida Badajoz, España",1
"Merida, España",4
"Merida, México",7
"Merida, Venezuela",2
"Merlo(sl), Argentina",1
"Merlo, Argentina",2
"Metepec, México",2
"Metepec, Toluca, México",1
"Mexicali, México",2
"Mexico City, México",4
"Mexico, España",3
"Mexico, México",29
"Miami, Estados Unidos",14
"Miami, Florida, Estados Unidos",1
"Mieres, España",2
"Mieres, Estonia",1
"Mijas, España",2
"Milan, Italia",3
"Milano, Italia",4
"Milazzo, Italia",1
"Milton Keynes, Reino Unido",3
"Milán, Italia",1
"Minas, Uruguay",1
"Miranda De Ebro, España",2
"Mixco, Guatemala",1
"Mocejón, España",1
"Moguer (huelva), España",2
"Moià, España",4
"Molins De Rei, España",4
"Mollet Del Valles, España",1
"Mollet Del Vallès Barcelona, España",1
"Mollet, España",1
"Moncada-valencia, España",1
"Mondariz, España",1
"Monesterio (badajoz), España",1
"Monforte De Lemos, España",6
"Montcada I Reixac, España",1
"Monte Grande, Argentina",1
"Monte Patria, Chile",1
Montenegro,2
"Monteria, Colombia",1
"Monterrey Nuevo León, México",1
"Monterrey, México",34
"Montevideo, España",1
"Montevideo, Uruguay",122
"Monthey, Suiza",1
"Montluçon, Francia",1
"Montornes, España",1
"Montpellier, Francia",3
"Montreal, Canadá",5
"Moralzarzal, España",1
"Moreda, España",2
"Morelia, Michoacan, México",1
"Morelia, México",5
"Morelos, México",2
"Moreno, Argentina",5
"Moreno, Buenos Aires, Argentina, Argentina",1
"Moron, Argentina",2
"Morón, Argentina",3
"Moscú, Rusia",2
"Mosquera, Colombia",1
"Mostoles, España",5
"Motril, España",1
"Moya (las Palma), España",2
"Msida, Malta",2
"Mty, México",4
"Mulhouse, Francia",1
"Mungia, España",1
"Munich, Alemania",1
"Murcia, España",127
"Muro De Alcoy, España",3
"Mutxamel, España",2
"Muy Agradecido, Todo Bien, El Salvador",2
"Muy Bien Pedro Nos Mostró Fechas, España",1
"Muy Buena Guiada De Pedro,!, Argentina",1
"Muy Bueno Pedro, España",2
"Málaga, España",102
"Mérida, España",7
"Mérida, México",4
"Mérida, Yucatan, México",1
México,40
"México, México",12
"Móstoles, España",1
"Mönchenglabach, Alemania",1
"Múnich, Alemania",1
"N/a, Puerto Rico",1
"Naas, Irlanda",1
"Napoli, Italia",2
"Natania, Israel",1
"Naucalpan, México",2
"Navarra, España",10
"Nayarit, México",1
"Nazare, Portugal",1
"Necochea, Argentina",3
"Neiva, Colombia",2
"Nerja, España",3
"Neuchatel, Suiza",1
"Neuquen, Argentina",5
"Neuquén, Argentina",14
"New Jersey, Estados Unidos",2
"New York, Estados Unidos",5
"Nir Ytzhak, Israel",1
"Niza, Francia",1
"Noain, España",1
"Noja, España",2
"Nuestro Guía Pedro Alias ""manuel, España",1
"Nueva York, Estados Unidos",1
"Nuevo Baztán, España",1
"Nuevo León, México",3
"Nîmes, Francia",1
"O Grove Pontevedra, España",1
"Oaxaca, México",1
"Obera, Argentina",1
"Ocaña, España",1
"Ochanduri, España",1
"Odivelas, Portugal",1
"Ok, España",2
"Olavarría, Argentina",1
"Olesa De Montserrat, España",6
"Olite, España",5
"Oliva, España",1
"Olivos, Argentina",1
"Olivos, Buenos Aires, Argentina",1
"Olocuilta, El Salvador",1
"Olot, España",2
"Olvera ( Cadiz), España",2
"Ombues De Lavalle, Uruguay",2
"Onda, España",1
"Ondara (alicante), España",1
"Ontigola, España",1
"Orense, España",3
"Orihuela, España",2
"Orlando, Estados Unidos",3
"Orocovis, Puerto Rico",1
"Orozko, Bizkaia, España",1
"Orozko, Bizkaia, Estonia",1
"Osaka., Japón",1
"Oslo, Noruega",1
"Osnabrück, Alemania",2
"Osona, España",1
"Osorno, Chile",2
"Osuna (sevilla), España",1
"Ourense, España",25
"Ovar, Portugal",1
"Oviedo, España",50
"Oxford, Reino Unido",3
"P Del Este, Uruguay",1
"Pacheco, Argentina",1
"Pachuca, México",3
"Padova, Italia",3
"Pais Vasco, España",2
"Palafrugell, España",1
"Palenci, España",1
"Palencia, España",23
"Palermo, Italia",1
"Palleja, España",1
"Palma De Mallorca, España",47
"Palma De Mallorca., España",1
"Palma Mallorca, España",1
"Palma, España",17
"Palma, Mallorca., España",1
"Palmela, Portugal",1
"Palmira, Colombia",1
"Pamploma, España",1
"Pamplona, España",99
"Pamplona, Etiopía",2
"Pamplona-iruña, España",3
"Pamplons, España",1
"Panama, Panamá",14
Panamá,3
"Panamá, Panamá",7
"Para A, Argentina",1
Paraguay,4
"Parana, Argentina",1
"Parana, Entre Ríos, Argentina",1
"Paraná, Argentina",4
"Parbayon, España",2
"Parets Del Vallès, España",1
"Paris, Francia",21
"Parla, España",3
"Partes Del Valles, España",1
"Paso Del Rey Moreno, Argentina",1
"Pasto, Colombia",1
"Patagonia, Argentina",5
"Paysandu, Uruguay",4
"País Vasco, España",3
Países Bajos,2
"Pcia, Argentina",1
"Pedro Estuvo Muy Bien, Haciendo , España",2
"Pehuajó, Argentina",1
"Pereira, Colombia",4
"Pergamino, Argentina",7
Perú,7
"Petrer (alicante), España",2
"Peñafiel, España",2
"Peñalolén, Chile",1
"Phoenix, Estados Unidos",1
"Pico- La Pampa, Argentina",1
"Pila, Argentina",2
"Pilar, Argentina",8
"Pilar, Buenos Aires, Argentina",1
"Pilas, España",2
"Pinamar, Argentina",2
"Pineda De Mar, España",4
"Piornal, España",1
"Plasencia, España",3
"Playa Del Carmen, México",2
"Playa Honda, España",1
"Plencia, España",1
"Plentzia, España",1
"Pocito, Argentina",4
"Pola De Siero, España",1
"Pollensa, España",1
"Pollença, España",1
"Ponce, Puerto Rico",1
"Ponferrada, España",6
"Ponta Delgada, Portugal",2
"Pontevedra, España",17
"Porqueres, España",1
"Porriño, España",2
"Port De Sagunt, España",1
"Porto Alegre - Rs, Brasil",1
"Porto Alegre, Brasil",1
"Porto Cristo, España",2
"Porto, Portugal",42
"Portocolom, España",1
"Portoviejo, Ecuador",1
Portugal,25
"Portugalete, España",1
"Posadas Misiones, Argentina",1
"Posadas, Argentina",3
"Pozoblanco, España",4
"Pradejón (la Rioja), España",2
"Praga, República Checa",4
"Pravia, España",1
"Premià De Mar, España",1
"Pucon, Chile",2
"Puebla, México",22
"Puerto Alcudia, España",1
"Puerto Del Rosario Fuerteventura, España",1
"Puerto Deseado, Argentina",2
"Puerto Madryn, Argentina",2
"Puerto Real, España",2
Puerto Rico,6
"Puerto Rico, Estados Unidos",1
"Puerto Varas, Chile",5
"Puertollano, España",2
"Puigcerdà, España",1
"Pujalt, España",2
"Pujato, Argentina",1
"Punta Alta, Argentina",2
"Punta Arenas, Chile",3
"Punta Del Este, Uruguay",2
"Póvoa De Varzim, Portugal",1
"Quatretonda, España",3
"Queens, Estados Unidos",1
"Queretaro, México",5
"QuerÉtaro, México",2
"Querétaro Querétaro, México",1
"Querétaro, México",4
"Quetzaltenango, Guatemala",1
"Quilmes, Argentina",6
"Quilpue, Chile",1
"Quilpué, Chile",1
"Quimbaya, Colombia",1
"Quintanar De La Orden (toledo), España",1
"Quito, Ecuador",22
"Raanana, Israel",2
"Rada Tilly, Argentina",1
"Rafael Calzada, Argentina",2
"Rafaela, Argentina",10
"Ramos Mejia, Argentina",1
"Ramos Mejía, Argentina",2
"Rancagua, Chile",2
"Rancagua, Suiza",1
"Rancagyay, Chile",1
"Ranelagh, Argentina",1
"Rapallo, Italia",1
"Ravenna, Italia",2
"Rawson Chubut, Argentina",1
"Rawson, Argentina",1
"Recife, Brasil",1
"Redondela, España",1
"Reims, Francia",1
Reino Unido,1
"Reino Unido, Reino Unido",1
"Reinosa, España",2
"Relo, España",1
"Remedios De Escalada, Argentina",1
"Rennes, Francia",1
República Dominicana,4
"República Dominicana, España",1
"Requena, España",1
"Resistencia Chaco, Argentina",1
"Resistencia, Argentina",4
"Resistencia, Chaco, Argentina",1
"Resitencia, Argentina",1
"Reus, España",11
"Rheinfelden, Suiza",1
"Rhome, Estados Unidos",1
"Rianxo (la Coruña), España",2
"Ribadeo, España",1
"Ribeirão Preto, Brasil",1
"Riells I Viabrea, España",3
"Rimini, Italia",2
"Rio Bueno, Chile",2
"Rio Cuarto, Argentina",2
"Rio De Janeiro, Brasil",16
"Rio Gallegos, Argentina",1
"Rio Grande, Argentina",5
"Rio Negro, Argentina",1
"Rio, Argentina",1
"Rio, Brasil",1
"Riobamba, Ecuador",1
"Rionegro, Colombia",4
"Ripollet, España",3
"Rivas Vaciamadrid, España",1
"Rivera, Uruguay",1
"Roatan, Honduras",2
"Rocha, Uruguay",1
"Roldán, Argentina",3
"Roma, Italia",9
"Rorschach, Suiza",2
"Ros, Argentina",2
"Rosario No Ahora, Argentina",2
"Rosario, Argentina",131
"Rosario. Sta Fe, Argentina",1
"Rosolini, Italia",1
"Rota, España",1
"Rubi, España",1
"Rubí, España",4
"Río Cuarto, Argentina",2
"Río Gallegos, Argentina",2
"Río Grande, Argentina",3
"Río Tercero, Córdoba, Argentina",1
"S João Da Madeira, Portugal",1
"Sabadell Y, España",1
"Sabadell, España",25
"Sabana Grande, Puerto Rico",1
"Sagunto, España",1
"Sagunto- Valencia, España",1
"Salamanca, España",54
"Salamanca, México",2
"Salamá, Guatemala",1
"Salinas, Puerto Rico",3
"Salou, España",3
"Salt Lake City, Estados Unidos",1
"Salta, Argentina",14
"Salto (b), Argentina",1
"Salto Buenos Aires, Argentina",2
"Salto Provincia De Buenos Aires, Argentina",1
"Salto, Argentina",1
"Salto, Uruguay",2
"Salvador, Brasil",3
"Salzburg, Austria",3
"San Agustín, Colombia",1
"San Andrés De Giles, Argentina",3
"San Antonio, Estados Unidos",1
"San Bartolome, España",1
"San Benedetto Del Tronto, Italia",2
"San Carlos, Chile",1
"San Cristóbal De La Laguna, España",3
"San Cristóbal De Las Casas, México",1
"San Diego, Estados Unidos",1
"San Fdo. Del Valle De Catamarca, Argentina",1
"San Felipe, Chile",5
"San Fernando (cádiz), España",1
"San Fernando, Argentina",3
"San Fernando, España",2
"San Fernando. Cadiz, España",2
"San Francisco Cordoba, Argentina",1
"San Francisco, Argentina",1
"San Isidro, Argentina",3
"San Jorge, Argentina",1
"San Jose De Mayo, Uruguay",1
"San Jose, Costa Rica",9
"San Josè, Costa Rica",1
"San José, Costa Rica",27
"San José, Uruguay",2
"San Juan, Argentina",10
"San Juan, Puerto Rico",16
"San Justo, Argentina",1
"San Lorenzo De El Escorial, España",2
"San Luis Potosi, México",5
"San Luis Potosí, México",4
"San Luis Rio Colorado, México",1
"San Luis, Argentina",10
"San Luis, México",3
"San Martin De Los Andes, Argentina",2
"San Martin, Argentina",2
"San Martín De Los Andes, Argentina",2
"San Martín, Argentina",1
"San Miguel De Tucuman, Argentina",1
"San Miguel De Tucumán, Argentina",3
"San Miguel, Argentina",3
"San Miguel, El Salvador",1
"San Nicolás De Los Arroyos, Argentina",3
"San Nicolás, Argentina",2
"San Pedro Sula, Honduras",4
"San Pedro, Argentina",2
"San Rafael Mendoza, Argentina",1
"San Rafael, Argentina",2
"San Salvador De Jujuy, Argentina",1
"San Salvador, Argentina",2
"San Salvador, El Salvador",10
"San Sebastian, España",13
"San Sebastián De La Gomera, España",1
"San Sebastián, España",23
"San Sebastián, Puerto Rico",1
"San Vicente T. T., Chile",1
"Sanlucar De Bda Cadiz, España",2
"Sanlúcar De Barrameda, España",2
"Sant Andreu De La Barca, España",1
"Sant Andrés De La Barca, España",1
"Sant Boi De Llobregat, España",3
"Sant Boi Llobregat, España",2
"Sant Boi, España",1
"Sant Carles De La Rapita, España",1
"Sant Celoni, España",4
"Sant Climent De Llobregat, España",1
"Sant Cugat Del Valles, España",3
"Sant Cugat Del Vallès, España",1
"Sant Cugat Del Vallés, España",5
"Sant Cugat, España",3
"Sant Feliu De Codines, España",3
"Sant Feliu De Llobregat, España",4
"Sant Joan Despí, España",2
"Sant Joan, España",1
"Sant Julià De Vilatorta, España",1
"Sant Just Desvern, España",2
"Sant Lluís, España",1
"Sant Pere De Ribes, España",2
"Sant Quirze Del Valles, España",1
"Sant Quirze Del Vallès, España",1
"Sant Vicenç Dels Horts, España",3
"Santa Acruz De Tenerife, España",2
"Santa Ana, El Salvador",1
"Santa Barbara, Estados Unidos",1
"Santa Catarina, Brasil",1
"Santa Coloma D Fra, España",1
"Santa Coloma De Gramanet, España",1
"Santa Coloma, España",2
"Santa Cruz De Mudela, España",1
"Santa Cruz De Tenerife, España",25
"Santa Cruz, Bolivia",2
"Santa Cruz, Ca, Estados Unidos",2
"Santa Cruz, Chile",2
"Santa Eulalia De Ronçana (barcel, España",1
"Santa Eulalia De Ronçana, España",2
"Santa Fe, Argentina",44
"Santa Fe, Argentina, Argentina",1
"Santa Maria Da Feira, Portugal",1
"Santa Maria, Brasil",2
"Santa Marta. Badajoz, España",1
"Santa María De Palautordera Y Ma, España",1
"Santa Perpetua De Mogoda, España",2
"Santa Rosa, Argentina",6
"Santa Rosa, La Pampa, Argentina",1
"Santa Sylvina - Chaco, Argentina",2
"Santa Teresita, Argentina",2
"Santander, España",49
"Santiago Compostela, España",2
"Santiago De Chile, Chile",3
"Santiago De Chile, España",4
"Santiago De Compostela, España",32
"Santiago De Compostwla, España",1
"Santiago Del Estero, Argentina",6
"Santiago, Chile",243
"Santiago, Chipre",1
"Santiago, España",13
"Santiago, Panamá",1
"Santiago, Suiza",1
"Santiago., Chile",1
"Santigi, Chile",2
"Santo Domingo, Chile",2
"Santo Domingo, Ecuador",1
"Santo Domingo, República Dominicana",13
"Santo Domingos, República Dominicana",1
"Santo Tomé, Argentina",2
"Santoagp, Chile",2
"Santurce, España",2
"Santurtzi, España",4
"Sao Paulo, Brasil",4
"Sarral, España",2
"Sartaguda, España",2
"Scotland, Reino Unido",1
"Segovia, España",42
"Segur De Calafell, España",1
"Selva, España",1
"Sesimbra, Portugal",1
"Sestao, España",2
"Setubal, Portugal",1
"Seul, Corea del Sur",1
"Sevi, España",3
"Sevilla, España",233
"Sevillano, España",2
"Sevillla, España",1
"Shangrilá-canelones, Uruguay",1
"Sheffield, Reino Unido",1
"Shenzhen, China",1
"Sianloa, México",1
"Siena, Italia",1
"Silla, España",2
"Sinaloa, México",1
"Sincelejo, Colombia",1
"Sinop, Brasil",1
"Sj, Costa Rica",2
"Sjaelland, Dinamarca",2
"Slidell, Estados Unidos",1
"Slp, México",2
"Sn Pedro De Alcantara, España",2
"Sofia, Bulgaria",1
"Soldeu, Andorra",1
"Sondika, España",2
"Sonora, México",3
"Sopelana, España",3
"Soria, España",6
"Sorio, España",1
"Soto Del Barco, España",1
"St Cugat Del Valles, España",1
"Sta Agnès De Malanyanes, España",1
"Stirling, Reino Unido",3
"Sto Dgo, República Dominicana",1
"Sto. Domingo De La Calzada, La R, España",1
"Stuttgart, Alemania",4
"Stuttgart, México",2
"Suances Cantabria, España",3
"Suances, España",1
"Sueca, Valencia, España",1
"SÃo Paulo, Brasil",1
"São José Dos Campos, Brasil",1
"São José, Brasil",1
"São Paulo, Brasil",28
"Tacoronte, España",1
"Tafalla, España",1
"Tafalla. Navarra, España",3
"Taipei, Taiwán",1
"Talavera De La Reina, España",14
"Talavera De La, España",1
"Talavera, España",2
"Talca, Chile",5
"Tampico, México",2
"Tandil, Argentina",12
"Tapachula, México",1
"Taradell, España",1
"Tarrago A, España",2
"Tarragona, España",47
"Tegucigalpa, Honduras",4
"Tel Aviv, Israel",4
"Telde ( Gran Canaria ), España",1
"Telde, España",4
"Temperley, Argentina",2
"Temuco, Chile",10
"Tenancingo, México",1
"Tenerife, España",70
"Tenerife., España",1
"Tepic, Nayarit, México",1
"Termas De Río Hondo, Argentina",1
"Terneuzen, Países Bajos",1
"Terrassa, España",35
"Terrrassa, España",2
"Teruel, España",13
"Texas, Estados Unidos",4
"Texcoco, México",3
"Tigre Bs As, Argentina",2
"Tigre, Argentina",12
"Tigre, Buenos Aires, Argentina",2
"Tijuana, México",7
"Tkt, México",1
"Toa Baja, Puerto Rico",2
"Todo Excelente, Martin Un Genio, Argentina",1
"Todolella, España",2
"Toledo, Afganistán",1
"Toledo, Eslovaquia",1
"Toledo, España",64
"Toledo. Y Madrid, España",2
"Tolosa, España",1
"Toluca, México",6
"Tomelloso, España",1
"Tordera, España",1
"Tornquist, Argentina",1
"Toro (zamora), España",1
"Toro, España",4
"Toronto, Canadá",4
"Torredembarra, España",1
"Torrejon De Ardoz, España",3
"Torrejón De Ardoz, España",4
"Torrelavega, España",9
"Torrelodones, España",1
"Torrent, España",2
"Torreon, México",2
"Torreperogil, España",1
"Torrevieja, España",5
"Tortosa, España",4
"Toulouse, Francia",11
"Trelew, Argentina",3
"Trenque Lauquen, Argentina",3
"Trento, Italia",1
"Tres Arroyos, Argentina",1
"Tres Arroyos, Buenos Aires, Argentina",1
"Tres Cantos, España",2
"Troyes, Francia",1
"Trujillo, España",2
"Trujillo, Perú",3
"Três Coroas - Rs, España",1
"Tubarão, Brasil",1
"Tucuman, Argentina",11
"Tucumán, Argentina",17
"Tudela (navarra), España",1
"Tudela Navarra, España",1
"Tudela, España",2
"Tudela.navarra, España",1
"Tui, España",2
"Tultepec, México",1
"Tunja, Colombia",4
"Twnerife, España",1
"Témperley, Argentina",1
"Ubeda, España",1
"Ucrania, Reino Unido",2
"Uribelarrea-cañuelas, Argentina",1
"Uruapan Mich, México",2
"Uruapan, México",1
Uruguay,12
"Usagre Badajoz, España",1
"Usagre, España",2
"Usansolo, España",4
"Ushuaia, Argentina",4
"Utebo, España",2
"Utuado, Puerto Rico",1
"Va As, Argentina",1
"Valancia, España",1
"Valaraiso, Chile",1
"Valdealgorfa (teruel), España",2
"Valdemoro, España",1
"Valdense, Uruguay",1
"Valdepeñas, España",1
"Valdivia, Chile",1
"Valencia, España",356
"Valencia., España",2
"Valeria, España",1
"Valladolid, España",139
"Valle De Arán, España",1
"Vallgorguina, España",1
"Valls, España",2
"Valparaiso, Chile",2
"Valparaíso, Chile",8
"Valènca, España",1
"València, España",8
"Valéncia, España",1
"Varcelona, España",1
"Vedia, Argentina",1
"Vejer, Cádiz, España",1
"Vejer, España",1
"Venado Tuerto, Argentina",4
"Veracruz, México",6
"Veracruz-llave, México",1
"Vg, España",2
"Viana Do Castelo, Portugal",1
"Vic, España",2
"Vicente Lopez, Argentina",2
"Vicente López, Argentina",1
"Vicente López, Florida, Argentina",1
"Vicenza, Italia",1
"Vichuquen, Chile",1
"Viedma, Argentina",2
"Vielha, España",1
"Viena, Austria",2
"Vigo - Pontevedra, España",1
"Vigo, España",58
"Vigo, Pontevedra, España",1
"Vigo- Pontevedra, España",2
"Vigo. Pontevedra, España",2
"Vila Do Conde, Portugal",1
"Vila Nova De Gaia, Portugal",2
"Vila Real, España",1
"Vila Real, Portugal",1
"Vila-real, España",5
"Viladecans, España",11
"Viladecavalls, España",2
"Vilafranca Del Penedes, España",3
"Vilafranca Del Penedès, España",4
"Vilafranca, España",2
"Vilagarcia De Arousa, España",2
"Vilagarcía De Arousa, España",2
"Vilanova Del Cami, España",1
"Vilanova Del VallÉs, España",1
"Vilanova I La Geltrú, España",5
"Vilassar De Dalt, España",1
"Vilassar De Mar, Barcelona, España",1
"Vilassar De Mar, España",1
"Villa Adelina - Buenos Aires, Argentina",1
"Villa Alemana, Chile",2
"Villa Carlos Paz, Argentina",3
"Villa Constitucion, Argentina",1
"Villa De Mayo. Buenos Aires, Argentina",2
"Villa Gesell, Argentina",2
"Villa La Angostura, Argentina",3
"Villa Maria, Argentina",3
"Villa María, Argentina",3
"Villa Mercedes, Argentina",2
"Villa Regina, Argentina",1
"Villa Tesei Hurlingham Prov.de B, Argentina",1
"Villafranca De Los Barros, España",2
"Villaguay, Argentina",2
"Villahermosa, México",1
"Villajoyosa, España",1
"Villalbilla, España",2
"Villarejo De Salvanes, España",2
"Villarejo De Salvanés, España",1
"Villares De La Reina, España",1
"Villarrica, Paraguay",3
"Villavicencio, Colombia",2
"Villena, España",4
"Vilna, México",1
"Vinaixa, España",1
"Vinaros, España",1
"Vinaròs, España",3
"Viseu, Portugal",4
"Vistalba, Argentina",2
"Vitoria - Gasteiz, España",1
"Vitoria Gasteiz, España",3
"Vitoria Gastéiz, España",2
"Vitoria, España",40
"Vitoria-gastei,, España",1
"Vitoria-gasteiz, España",14
"Vitoria-gazteiz, España",1
"Vitória Da Conquista, Brasil",1
"Vitória, España",1
"Viña Del Mar, Chile",19
"Vélez Málaga, España",1
"Washington Dc, Estados Unidos",1
"Washington, Estados Unidos",2
"Waterloo, Bélgica",1
"Wheelwright, Argentina",1
"Wilde, Argentina",1
"Wilhelmsdorf, Alemania",1
"Willemstad, Curazao",2
"Worthing, Reino Unido",2
"Würzburg, Alemania",1
"X, España",1
"Xalapa, México",3
"Xativa, España",1
"Xerta, España",1
"Xilxes, España",2
"Xàtiva, España",1
"Yauco, Puerto Rico",1
"Yecla, España",4
"Yerba Buena, Argentina",2
"Young, Uruguay",1
"Zacatecas, México",1
"Zafra, España",2
"Zamora, España",26
"Zaragoza, España",176
"Zaragoza., España",1
"Zarate, Argentina",6
"Zaventem, Bélgica",1
"Zipaquira, Colombia",1
"Zurich, Suiza",1
"Zárate, Argentina",2
"Zürich, Suiza",1
"Álora, España",1
"Ámsterdam, Países Bajos",1
"Ávila, España",12
"Évora, Portugal",2
"Ña Plata, Argentina",1
"Òdena, España",2
"Úbeda, España",5
"Úbeda, Jaén, España",2
